Datetime,Water Level (m)
2025-05-23 18:00:00,0.87162673
2025-05-23 19:00:00,1.0073618
2025-05-23 20:00:00,0.95234025
2025-05-23 21:00:00,0.73650914
2025-05-23 22:00:00,0.48498288
2025-05-23 23:00:00,0.21487539
2025-05-24 00:00:00,-0.016902741
2025-05-24 01:00:00,-0.18926749
2025-05-24 02:00:00,-0.3410668
2025-05-24 03:00:00,-0.41539523
2025-05-24 04:00:00,0.014791884
2025-05-24 05:00:00,0.47052938
2025-05-24 06:00:00,0.9403819
2025-05-24 07:00:00,1.2882493
2025-05-24 08:00:00,1.3852382
2025-05-24 09:00:00,1.2547474
2025-05-24 10:00:00,0.95346254
2025-05-24 11:00:00,0.66213495
2025-05-24 12:00:00,0.36541316
2025-05-24 13:00:00,0.12350187
2025-05-24 14:00:00,-0.050949257
2025-05-24 15:00:00,-0.2005351
2025-05-24 16:00:00,-0.19435377
2025-05-24 17:00:00,0.30516025
2025-05-24 18:00:00,0.688373
2025-05-24 19:00:00,1.1078724
2025-05-24 20:00:00,1.272221
2025-05-24 21:00:00,1.1921905
2025-05-24 22:00:00,0.9109074
2025-05-24 23:00:00,0.62946045
2025-05-25 00:00:00,0.34298006
2025-05-25 01:00:00,0.11218963
2025-05-25 02:00:00,-0.071243785
2025-05-25 03:00:00,-0.23828045
2025-05-25 04:00:00,-0.3148082
2025-05-25 05:00:00,0.19541314
2025-05-25 06:00:00,0.6542334
2025-05-25 07:00:00,1.1640012
2025-05-25 08:00:00,1.4880008
2025-05-25 09:00:00,1.5651814
2025-05-25 10:00:00,1.3763047
2025-05-25 11:00:00,1.0519222
2025-05-25 12:00:00,0.74764484
2025-05-25 13:00:00,0.45039696
2025-05-25 14:00:00,0.2175355
2025-05-25 15:00:00,0.036872346
2025-05-25 16:00:00,-0.12464784
2025-05-25 17:00:00,-0.061522324
2025-05-25 18:00:00,0.4989209
2025-05-25 19:00:00,0.9057858
2025-05-25 20:00:00,1.2947158
2025-05-25 21:00:00,1.3913633
2025-05-25 22:00:00,1.2273504
2025-05-25 23:00:00,0.93224454
2025-05-26 00:00:00,0.6473475
2025-05-26 01:00:00,0.37420988
2025-05-26 02:00:00,0.16113964
2025-05-26 03:00:00,-0.020961365
2025-05-26 04:00:00,-0.18391581
2025-05-26 05:00:00,-0.17472501
2025-05-26 06:00:00,0.44799978
2025-05-26 07:00:00,0.92122203
2025-05-26 08:00:00,1.4545928
2025-05-26 09:00:00,1.7263683
2025-05-26 10:00:00,1.726081
2025-05-26 11:00:00,1.4432588
2025-05-26 12:00:00,1.1001493
2025-05-26 13:00:00,0.7742313
2025-05-26 14:00:00,0.4738546
2025-05-26 15:00:00,0.2509242
2025-05-26 16:00:00,0.06326494
2025-05-26 17:00:00,-0.10094765
2025-05-26 18:00:00,-0.022204459
2025-05-26 19:00:00,0.5281429
2025-05-26 20:00:00,0.9345683
2025-05-26 21:00:00,1.2941071
2025-05-26 22:00:00,1.353478
2025-05-26 23:00:00,1.147493
2025-05-27 00:00:00,0.8472739
2025-05-27 01:00:00,0.55490726
2025-05-27 02:00:00,0.2978315
2025-05-27 03:00:00,0.08548289
2025-05-27 04:00:00,-0.10192641
2025-05-27 05:00:00,-0.26935688
2025-05-27 06:00:00,-0.17254539
2025-05-27 07:00:00,0.5037837
2025-05-27 08:00:00,1.0036399
2025-05-27 09:00:00,1.5288874
2025-05-27 10:00:00,1.7618575
2025-05-27 11:00:00,1.692512
2025-05-27 12:00:00,1.365658
2025-05-27 13:00:00,1.0364867
2025-05-27 14:00:00,0.7252593
2025-05-27 15:00:00,0.47202423
2025-05-27 16:00:00,0.2502619
2025-05-27 17:00:00,0.06348449
2025-05-27 18:00:00,-0.06630263
2025-05-27 19:00:00,0.3662267
2025-05-27 20:00:00,0.88636917
2025-05-27 21:00:00,1.3399963
2025-05-27 22:00:00,1.640659
2025-05-27 23:00:00,1.6529747
2025-05-28 00:00:00,1.4573896
2025-05-28 01:00:00,1.1597381
2025-05-28 02:00:00,0.84296435
2025-05-28 03:00:00,0.54859775
2025-05-28 04:00:00,0.31752872
2025-05-28 05:00:00,0.13132055
2025-05-28 06:00:00,0.051946424
2025-05-28 07:00:00,0.67126465
2025-05-28 08:00:00,1.2501355
2025-05-28 09:00:00,1.9142046
2025-05-28 10:00:00,2.409202
2025-05-28 11:00:00,2.6539526
2025-05-28 12:00:00,2.5138223
2025-05-28 13:00:00,2.1496239
2025-05-28 14:00:00,1.7364526
2025-05-28 15:00:00,1.3281115
2025-05-28 16:00:00,0.97730505
2025-05-28 17:00:00,0.7125082
2025-05-28 18:00:00,0.50291693
2025-05-28 19:00:00,0.37985215
2025-05-28 20:00:00,0.8099815
2025-05-28 21:00:00,1.3384395
2025-05-28 22:00:00,1.6961721
2025-05-28 23:00:00,1.8914968
2025-05-29 00:00:00,1.7613392
2025-05-29 01:00:00,1.4332851
2025-05-29 02:00:00,1.1097533
2025-05-29 03:00:00,0.7991652
2025-05-29 04:00:00,0.5549116
2025-05-29 05:00:00,0.33708766
2025-05-29 06:00:00,0.15097938
2025-05-29 07:00:00,0.07530247
2025-05-29 08:00:00,0.6190074
2025-05-29 09:00:00,1.1836725
2025-05-29 10:00:00,1.7138911
2025-05-29 11:00:00,2.0812116
2025-05-29 12:00:00,2.1587188
2025-05-29 13:00:00,1.9085882
2025-05-29 14:00:00,1.549725
2025-05-29 15:00:00,1.2060984
2025-05-29 16:00:00,0.877504
2025-05-29 17:00:00,0.6323537
2025-05-29 18:00:00,0.43452257
